NumA,NumB,CatA
2.885234507,67,Yellow
,56,Green
2.767410822,65,Green
6.881359055,62,
7.708498514,61,Blue
6.255481293,70,Yellow
3.957399317,56,Blue
8.085115343,71,Yellow
2.93967925,56,Blue
,,Blue
6.799617886,,Yellow
3.916028157,79,
0.401722987,71,Green
9.211851485,,Green
4.330989013,59,Yellow
7.209753849,79,Yellow
1.87943424,57,Blue
6.615128931,78,Blue
,76,Yellow
4.77727297,65,Yellow
